statement ok
DROP DATABASE IF EXISTS test_schema_change;

statement ok
CREATE DATABASE test_schema_change;

statement ok
USE test_schema_change;

# ================= CREATE TABLE ====================

statement ok
CREATE TABLE IF NOT EXISTS bar (a bigint(11) NOT NULL, b varchar(10) NOT NULL, PRIMARY KEY (a));

# ================= SIMPLE DDLs ====================

statement ok
ALTER TABLE bar ADD COLUMN c INT AFTER b;

statement ok
ALTER TABLE bar RENAME COLUMN b to new_b;

statement ok
ALTER TABLE bar MODIFY COLUMN c VARCHAR(100);

# ================= COMPLEX DDLs ====================

statement ok
ALTER TABLE bar ADD COLUMN b1 INT AFTER new_b, ADD COLUMN b2 INT AFTER a;

statement ok
ALTER TABLE bar DROP COLUMN b1, DROP COLUMN c;

# ================= CHECK HISTORICAL SCHEMAS ====================

query TTIT nosort
SELECT FIELD, TYPE, NULLABLE, EXTRA FROM INFORMATION_SCHEMA.HISTORICAL_SCHEMAS WHERE TABLE_NAME = "bar" AND TABLE_VERSION = 4;
----
a	BIGINT	0	($empty$)
b	VARCHAR(10) CHARACTER SET "UTF8MB4" COLLATE "UTF8MB4_0900_AI_CI"	0	($empty$)

query TTIT nosort
SELECT FIELD, TYPE, NULLABLE, EXTRA FROM INFORMATION_SCHEMA.HISTORICAL_SCHEMAS WHERE TABLE_NAME = "bar" AND TABLE_VERSION = 5;
----
a	BIGINT	0	($empty$)
b	VARCHAR(10) CHARACTER SET "UTF8MB4" COLLATE "UTF8MB4_0900_AI_CI"	0	($empty$)
c	INTEGER	1	($empty$)

query TTIT nosort
SELECT FIELD, TYPE, NULLABLE, EXTRA FROM INFORMATION_SCHEMA.HISTORICAL_SCHEMAS WHERE TABLE_NAME = "bar" AND TABLE_VERSION = 6;
----
a	BIGINT	0	($empty$)
new_b	VARCHAR(10) CHARACTER SET "UTF8MB4" COLLATE "UTF8MB4_0900_AI_CI"	0	($empty$)
c	INTEGER	1	($empty$)

query TTIT nosort
SELECT FIELD, TYPE, NULLABLE, EXTRA FROM INFORMATION_SCHEMA.HISTORICAL_SCHEMAS WHERE TABLE_NAME = "bar" AND TABLE_VERSION = 7;
----
a	BIGINT	0	($empty$)
new_b	VARCHAR(10) CHARACTER SET "UTF8MB4" COLLATE "UTF8MB4_0900_AI_CI"	0	($empty$)
c	VARCHAR(100) CHARACTER SET "UTF8MB4" COLLATE "UTF8MB4_0900_AI_CI"	1	($empty$)

query TTIT nosort
SELECT FIELD, TYPE, NULLABLE, EXTRA FROM INFORMATION_SCHEMA.HISTORICAL_SCHEMAS WHERE TABLE_NAME = "bar" AND TABLE_VERSION = 8;
----
a	BIGINT	0	($empty$)
b2	INTEGER	1	($empty$)
new_b	VARCHAR(10) CHARACTER SET "UTF8MB4" COLLATE "UTF8MB4_0900_AI_CI"	0	($empty$)
b1	INTEGER	1	($empty$)
c	VARCHAR(100) CHARACTER SET "UTF8MB4" COLLATE "UTF8MB4_0900_AI_CI"	1	($empty$)

query TTIT nosort
SELECT FIELD, TYPE, NULLABLE, EXTRA FROM INFORMATION_SCHEMA.HISTORICAL_SCHEMAS WHERE TABLE_NAME = "bar" AND TABLE_VERSION = 9;
----
a	BIGINT	0	($empty$)
b2	INTEGER	1	($empty$)
new_b	VARCHAR(10) CHARACTER SET "UTF8MB4" COLLATE "UTF8MB4_0900_AI_CI"	0	($empty$)

statement ok
DROP DATABASE IF EXISTS test_schema_change;