statement ok
DROP DATABASE IF EXISTS test_limit_offset;

statement ok
CREATE DATABASE test_limit_offset;

statement ok
USE test_limit_offset;

statement ok
CREATE TABLE t (id BIGINT PRIMARY KEY AUTO_INCREMENT, i int) APPEND_ONLY = TRUE;

statement ok
INSERT INTO t (i) VALUES (11), (12), (13), (14), (15), (16), (17), (18), (19), (20), (21), (22), (23), (24), (25), (26);

query II nosort
SELECT * FROM t ORDER BY id;
----
1	11
2	12
3	13
4	14
5	15
6	16
7	17
8	18
9	19
10	20
11	21
12	22
13	23
14	24
15	25
16	26

query II nosort
SELECT * FROM t ORDER BY id LIMIT 5;
----
1	11
2	12
3	13
4	14
5	15

query II nosort
SELECT * FROM t ORDER BY id LIMIT 5 OFFSET 10;
----
11	21
12	22
13	23
14	24
15	25

query II nosort
SELECT * FROM t ORDER BY id LIMIT 5 OFFSET 0;
----
1	11
2	12
3	13
4	14
5	15

query II nosort
SELECT * FROM t ORDER BY id LIMIT 0 OFFSET 0;
----

query II nosort
SELECT * FROM t ORDER BY id LIMIT 0;
----

query II nosort
SELECT * FROM t ORDER BY id LIMIT 100;
----
1	11
2	12
3	13
4	14
5	15
6	16
7	17
8	18
9	19
10	20
11	21
12	22
13	23
14	24
15	25
16	26

query II nosort
SELECT * FROM t ORDER BY id LIMIT 5 OFFSET 100;
----

query II nosort
SELECT * FROM t ORDER BY id LIMIT 3, 5;
----
4	14
5	15
6	16
7	17
8	18

query II nosort
SELECT * FROM t ORDER BY id LIMIT 5, 3;
----
6	16
7	17
8	18

statement error
SELECT * FROM t ORDER BY id LIMIT -1;

query II nosort
SELECT * FROM t ORDER BY id LIMIT 5;
----
1	11
2	12
3	13
4	14
5	15

query II nosort
SELECT * FROM t ORDER BY id LIMIT 5, 5;
----
6	16
7	17
8	18
9	19
10	20

query II nosort
SELECT * FROM t ORDER BY id LIMIT 10, 5;
----
11	21
12	22
13	23
14	24
15	25

query II nosort
SELECT * FROM t ORDER BY id LIMIT 15, 5;
----
16	26

query II nosort
SELECT * FROM t ORDER BY id LIMIT 20, 5;
----

statement ok
DROP DATABASE IF EXISTS test_limit_offset;
