statement ok
DROP DATABASE IF EXISTS test_selection;

statement ok
CREATE DATABASE test_selection;

statement ok
USE test_selection;

statement ok
CREATE TABLE t (id BIGINT PRIMARY KEY AUTO_INCREMENT, i int) APPEND_ONLY = TRUE;

statement ok
INSERT INTO t (i) VALUES (11), (12), (13), (14), (15), (16), (17), (18), (19), (20), (21), (22), (23), (24), (25), (26);

query II nosort
SELECT * FROM t ORDER BY id;
----
1	11
2	12
3	13
4	14
5	15
6	16
7	17
8	18
9	19
10	20
11	21
12	22
13	23
14	24
15	25
16	26

query IT nosort
SELECT 1, 'abc';
----
1	abc

statement ok
DROP DATABASE IF EXISTS test_selection;
