statement ok
DROP DATABASE IF EXISTS test_insert_default_nonnull;

statement ok
CREATE DATABASE test_insert_default_nonnull;

statement ok
USE test_insert_default_nonnull;

# Test on append-only table

statement ok
DROP TABLE IF EXISTS t_insert_all_data_types_ao;

statement ok
CREATE TABLE IF NOT EXISTS t_insert_all_data_types_ao (
  id BIGINT                                                             DEFAULT 0,
  c_bit BIT                                                             DEFAULT 1,
  c_bit_64 BIT(64)                                                      DEFAULT 168134386088498496,
  c_bool BOOL                                                           DEFAULT 0,
  c_boolean BOOLEAN                                                     DEFAULT 1,
  c_tinyint TINYINT                                                     DEFAULT -128,
  c_tinyint_1 TINYINT(1)                                                DEFAULT 1,
  c_tinyint_unsigned TINYINT UNSIGNED                                   DEFAULT 255,
  c_tinyint_zerofill TINYINT ZEROFILL                                   DEFAULT 0123,
  c_smallint SMALLINT                                                   DEFAULT -32768,
  c_smallint_1 SMALLINT(1)                                              DEFAULT 1,
  c_smallint_unsigned SMALLINT UNSIGNED                                 DEFAULT 65535,
  c_smallint_zerofill SMALLINT ZEROFILL                                 DEFAULT 012345,
  c_mediumint MEDIUMINT                                                 DEFAULT -8388608,
  c_mediumint_1 MEDIUMINT(1)                                            DEFAULT 1,
  c_mediumint_unsigned MEDIUMINT UNSIGNED                               DEFAULT 16777215,
  c_mediumint_zerofill MEDIUMINT ZEROFILL                               DEFAULT 01234567,
  c_int INT                                                             DEFAULT -2147483648,
  c_int_1 INT(1)                                                        DEFAULT 1,
  c_int_unsigned INT UNSIGNED                                           DEFAULT 4294967295,
  c_int_zerofill INT ZEROFILL                                           DEFAULT 0123456789,
  c_integer INTEGER                                                     DEFAULT -2147483648,
  c_integer_1 INTEGER(1)                                                DEFAULT 1,
  c_integer_unsigned INTEGER UNSIGNED                                   DEFAULT 4294967295,
  c_integer_zerofill INTEGER ZEROFILL                                   DEFAULT 0123456789,
  c_bigint BIGINT                                                       DEFAULT -9223372036854775806,
  c_bigint_1 BIGINT(1)                                                  DEFAULT 1,
  c_bigint_unsigned BIGINT UNSIGNED                                     DEFAULT 18446744073709551615,
  c_bigint_zerofill BIGINT ZEROFILL                                     DEFAULT 01234567890123456789,
  c_decimal DECIMAL                                                     DEFAULT 123.45,
  c_decimal_5 DECIMAL(5)                                                DEFAULT 123.45,
  c_decimal_5_2 DECIMAL(5, 2)                                           DEFAULT 123.45,
  c_decimal_unsigned DECIMAL UNSIGNED                                   DEFAULT 123.45,
  c_decimal_zerofill DECIMAL ZEROFILL                                   DEFAULT 012345.67,
  c_dec DEC                                                             DEFAULT 123.45,
  c_dec_5 DEC(5)                                                        DEFAULT 12345,
  c_dec_5_2 DEC(5, 2)                                                   DEFAULT 123.45,
  c_dec_unsigned DEC UNSIGNED                                           DEFAULT 123.45,
  c_dec_zerofill DEC ZEROFILL                                           DEFAULT 12345,
  c_numeric NUMERIC                                                     DEFAULT 123.45,
  c_numeric_5 NUMERIC(5)                                                DEFAULT 12345,
  c_numeric_5_2 NUMERIC(5, 2)                                           DEFAULT 123.45,
  c_numeric_unsigned NUMERIC UNSIGNED                                   DEFAULT 123.45,
  c_numeric_zerofill NUMERIC ZEROFILL                                   DEFAULT 12345,
  c_fixed FIXED                                                         DEFAULT 123.45,
  c_fixed_5 FIXED(5)                                                    DEFAULT 12345,
  c_fixed_5_2 FIXED(5, 2)                                               DEFAULT 123.45,
  c_fixed_unsigned FIXED UNSIGNED                                       DEFAULT 123.45,
  c_fixed_zerofill FIXED ZEROFILL                                       DEFAULT 12345,
  c_float FLOAT                                                         DEFAULT 123.45,
  c_float_5 FLOAT(5)                                                    DEFAULT 12345,
  c_float_5_2 FLOAT(5, 2)                                               DEFAULT 123.45,
  c_float_unsigned FLOAT UNSIGNED                                       DEFAULT 123.45,
  c_float_zerofill FLOAT ZEROFILL                                       DEFAULT 12345,
  c_double DOUBLE                                                       DEFAULT 123.45,
  c_double_5_2 DOUBLE(5, 2)                                             DEFAULT 123.45,
  c_double_unsigned DOUBLE UNSIGNED                                     DEFAULT 123.45,
  c_double_zerofill DOUBLE ZEROFILL                                     DEFAULT 123.45,
  c_double_precision DOUBLE PRECISION                                   DEFAULT 123.45,
  c_double_precision_5_2 DOUBLE PRECISION(5, 2)                         DEFAULT 123.45,
  c_double_precision_unsigned DOUBLE PRECISION UNSIGNED                 DEFAULT 123.45,
  c_double_precision_zerofill DOUBLE PRECISION ZEROFILL                 DEFAULT 12345,
  c_real REAL                                                           DEFAULT 123.45,
  c_real_5_2 REAL(5, 2)                                                 DEFAULT 123.45,
  c_real_unsigned REAL UNSIGNED                                         DEFAULT 123.45,
  c_real_zerofill REAL ZEROFILL                                         DEFAULT 123.45,
  c_date DATE                                                           DEFAULT "2023-05-19",
  c_datetime DATETIME                                                   DEFAULT "2023-05-19 12:34:56",
  c_datetime_6 DATETIME(6)                                              DEFAULT "2023-05-19 12:34:56.789",
  c_timestamp TIMESTAMP                                                 DEFAULT "2023-05-19 12:34:56",
  c_timestamp_6 TIMESTAMP(6)                                            DEFAULT "2023-05-19 12:34:56.789",
  c_time TIME                                                           DEFAULT "12:34:56",
  c_time_6 TIME(6)                                                      DEFAULT "12:34:56.789",
  c_year YEAR                                                           DEFAULT 2023,
  c_year_4 YEAR(4)                                                      DEFAULT 2023,
  c_char CHAR                                                           DEFAULT "A",
  c_national_char NATIONAL CHAR                                         DEFAULT "B",
  c_char_8 CHAR(8)                                                      DEFAULT "ABCDEFGH",
  c_char_character_set_utf8 CHAR CHARACTER SET utf8                     DEFAULT "I",
  c_char_collate_utf8_bin CHAR COLLATE utf8_bin                         DEFAULT "Q",
  c_national_varchar_8 NATIONAL VARCHAR(8)                              DEFAULT "ABCDEFGH",
  c_varchar_8 VARCHAR(8)                                                DEFAULT "JKLMNOPQ",
  c_varchar_8_character_set_utf8 VARCHAR(8) CHARACTER SET utf8          DEFAULT "RSTUVWXY",
  c_varchar_8_collate_utf8_bin VARCHAR(8) COLLATE utf8_bin              DEFAULT "RSTUVWXY",
  c_binary BINARY                                                       DEFAULT "b",
  c_binary_8 BINARY(8)                                                  DEFAULT "bin8",
  c_varbinary_8 VARBINARY(8)                                            DEFAULT "vbin8",
  c_tinyblob TINYBLOB                                                   DEFAULT NULL,
  c_blob BLOB                                                           DEFAULT NULL,
  c_blob_8 BLOB(8)                                                      DEFAULT NULL,
  c_mediumblob MEDIUMBLOB                                               DEFAULT NULL,
  c_longblob LONGBLOB                                                   DEFAULT NULL,
  c_tinytext TINYTEXT                                                   DEFAULT NULL,
  c_tinytext_character_set_utf8 TINYTEXT CHARACTER SET utf8             DEFAULT NULL,
  c_tinytext_collate_utf8_bin TINYTEXT COLLATE utf8_bin                 DEFAULT NULL,
  c_text TEXT                                                           DEFAULT NULL,
  c_text_8 TEXT(8)                                                      DEFAULT NULL,
  c_text_character_set_utf8 TEXT CHARACTER SET utf8                     DEFAULT NULL,
  c_text_collate_utf8_bin TEXT COLLATE utf8_bin                         DEFAULT NULL,
  c_mediumtext MEDIUMTEXT                                               DEFAULT NULL,
  c_mediumtext_character_set_utf8 MEDIUMTEXT CHARACTER SET utf8         DEFAULT NULL,
  c_mediumtext_collate_utf8_bin MEDIUMTEXT COLLATE utf8_bin             DEFAULT NULL,
  c_longtext LONGTEXT                                                   DEFAULT NULL,
  c_longtext_character_set_utf8 LONGTEXT CHARACTER SET utf8             DEFAULT NULL,
  c_longtext_collate_utf8_bin LONGTEXT COLLATE utf8_bin                 DEFAULT NULL,
  c_enum ENUM('value1', 'value2')                                       DEFAULT "value1",
  c_enum_character_set_utf8 ENUM('value1', 'value2') CHARACTER SET utf8 DEFAULT "value1",
  c_enum_collate_utf8_bin ENUM('value1', 'value2') COLLATE utf8_bin     DEFAULT "value2",
  c_set SET('value1', 'value2')                                         DEFAULT "value1",
  c_set_character_set_utf8 SET('value1', 'value2') CHARACTER SET utf8   DEFAULT "value1",
  c_set_collate_utf8_bin SET('value1', 'value2') COLLATE utf8_bin       DEFAULT "value2",
  c_json JSON                                                           DEFAULT NULL
) APPEND_ONLY = TRUE;

# insert data under fast path
statement ok
INSERT INTO t_insert_all_data_types_ao (id) VALUES (1);

query T nosort
SELECT c_bit FROM t_insert_all_data_types_ao;
----


query T nosort
SELECT c_bit_64 FROM t_insert_all_data_types_ao;
----
UUUUUU@

query I nosort
SELECT c_bool FROM t_insert_all_data_types_ao;
----
0

query I nosort
SELECT c_boolean FROM t_insert_all_data_types_ao;
----
1

query I nosort
SELECT c_tinyint FROM t_insert_all_data_types_ao;
----
-128

query I nosort
SELECT c_tinyint_1 FROM t_insert_all_data_types_ao;
----
1

query I nosort
SELECT c_tinyint_unsigned FROM t_insert_all_data_types_ao;
----
255

query I nosort
SELECT c_tinyint_zerofill FROM t_insert_all_data_types_ao;
----
123

query I nosort
SELECT c_smallint FROM t_insert_all_data_types_ao;
----
-32768

query I nosort
SELECT c_smallint_1 FROM t_insert_all_data_types_ao;
----
1

query I nosort
SELECT c_smallint_unsigned FROM t_insert_all_data_types_ao;
----
65535

query I nosort
SELECT c_smallint_zerofill FROM t_insert_all_data_types_ao;
----
12345

query I nosort
SELECT c_mediumint FROM t_insert_all_data_types_ao;
----
-8388608

query I nosort
SELECT c_mediumint_1 FROM t_insert_all_data_types_ao;
----
1

query I nosort
SELECT c_mediumint_unsigned FROM t_insert_all_data_types_ao;
----
16777215

query I nosort
SELECT c_mediumint_zerofill FROM t_insert_all_data_types_ao;
----
1234567

query I nosort
SELECT c_int FROM t_insert_all_data_types_ao;
----
-2147483648

query I nosort
SELECT c_int_1 FROM t_insert_all_data_types_ao;
----
1

query I nosort
SELECT c_int_unsigned FROM t_insert_all_data_types_ao;
----
4294967295

query I nosort
SELECT c_int_zerofill FROM t_insert_all_data_types_ao;
----
123456789

query I nosort
SELECT c_integer FROM t_insert_all_data_types_ao;
----
-2147483648

query I nosort
SELECT c_integer_1 FROM t_insert_all_data_types_ao;
----
1

query I nosort
SELECT c_integer_unsigned FROM t_insert_all_data_types_ao;
----
4294967295

query I nosort
SELECT c_integer_zerofill FROM t_insert_all_data_types_ao;
----
123456789

query I nosort
SELECT c_bigint FROM t_insert_all_data_types_ao;
----
-9223372036854775806

query I nosort
SELECT c_bigint_1 FROM t_insert_all_data_types_ao;
----
1

query I nosort
SELECT c_bigint_unsigned FROM t_insert_all_data_types_ao;
----
18446744073709551615

query I nosort
SELECT c_bigint_zerofill FROM t_insert_all_data_types_ao;
----
1234567890123456789

query R nosort
SELECT c_decimal FROM t_insert_all_data_types_ao;
----
123

query R nosort
SELECT c_decimal_5 FROM t_insert_all_data_types_ao;
----
123

query R nosort
SELECT c_decimal_5_2 FROM t_insert_all_data_types_ao;
----
123.45

query R nosort
SELECT c_decimal_unsigned FROM t_insert_all_data_types_ao;
----
123

skipif mysql
query R nosort
SELECT c_decimal_zerofill FROM t_insert_all_data_types_ao;
----
0000012345

query R nosort
SELECT c_dec FROM t_insert_all_data_types_ao;
----
123

query R nosort
SELECT c_dec_5 FROM t_insert_all_data_types_ao;
----
12345

query R nosort
SELECT c_dec_5_2 FROM t_insert_all_data_types_ao;
----
123.45

query R nosort
SELECT c_dec_unsigned FROM t_insert_all_data_types_ao;
----
123

skipif mysql
query R nosort
SELECT c_dec_zerofill FROM t_insert_all_data_types_ao;
----
0000012345

query R nosort
SELECT c_numeric FROM t_insert_all_data_types_ao;
----
123

query R nosort
SELECT c_numeric_5 FROM t_insert_all_data_types_ao;
----
12345

query R nosort
SELECT c_numeric_5_2 FROM t_insert_all_data_types_ao;
----
123.45

query R nosort
SELECT c_numeric_unsigned FROM t_insert_all_data_types_ao;
----
123

skipif mysql
query R nosort
SELECT c_numeric_zerofill FROM t_insert_all_data_types_ao;
----
0000012345

query R nosort
SELECT c_fixed FROM t_insert_all_data_types_ao;
----
123

query R nosort
SELECT c_fixed_5 FROM t_insert_all_data_types_ao;
----
12345

query R nosort
SELECT c_fixed_5_2 FROM t_insert_all_data_types_ao;
----
123.45

query R nosort
SELECT c_fixed_unsigned FROM t_insert_all_data_types_ao;
----
123

skipif mysql
query R nosort
SELECT c_fixed_zerofill FROM t_insert_all_data_types_ao;
----
0000012345

query R nosort
SELECT c_float FROM t_insert_all_data_types_ao;
----
123.45

query R nosort
SELECT c_float_5 FROM t_insert_all_data_types_ao;
----
12345

query R nosort
SELECT c_float_5_2 FROM t_insert_all_data_types_ao;
----
123.45

query R nosort
SELECT c_float_unsigned FROM t_insert_all_data_types_ao;
----
123.45

query R nosort
SELECT c_float_zerofill FROM t_insert_all_data_types_ao;
----
12345

query R nosort
SELECT c_double FROM t_insert_all_data_types_ao;
----
123.45

query R nosort
SELECT c_double_5_2 FROM t_insert_all_data_types_ao;
----
123.45

query R nosort
SELECT c_double_unsigned FROM t_insert_all_data_types_ao;
----
123.45

query R nosort
SELECT c_double_zerofill FROM t_insert_all_data_types_ao;
----
123.45

query R nosort
SELECT c_double_precision FROM t_insert_all_data_types_ao;
----
123.45

query R nosort
SELECT c_double_precision_5_2 FROM t_insert_all_data_types_ao;
----
123.45

query R nosort
SELECT c_double_precision_unsigned FROM t_insert_all_data_types_ao;
----
123.45

query R nosort
SELECT c_double_precision_zerofill FROM t_insert_all_data_types_ao;
----
12345

query R nosort
SELECT c_real FROM t_insert_all_data_types_ao;
----
123.45

query R nosort
SELECT c_real_5_2 FROM t_insert_all_data_types_ao;
----
123.45

query R nosort
SELECT c_real_unsigned FROM t_insert_all_data_types_ao;
----
123.45

query R nosort
SELECT c_real_zerofill FROM t_insert_all_data_types_ao;
----
123.45

query D nosort
SELECT c_date FROM t_insert_all_data_types_ao;
----
2023-05-19

query D nosort
SELECT c_datetime FROM t_insert_all_data_types_ao;
----
2023-05-19 12:34:56

query D nosort
SELECT c_datetime_6 FROM t_insert_all_data_types_ao;
----
2023-05-19 12:34:56.789000

query D nosort
SELECT c_timestamp FROM t_insert_all_data_types_ao;
----
2023-05-19 12:34:56

query D nosort
SELECT c_timestamp_6 FROM t_insert_all_data_types_ao;
----
2023-05-19 12:34:56.789000

query D nosort
SELECT c_time FROM t_insert_all_data_types_ao;
----
12:34:56

query D nosort
SELECT c_time_6 FROM t_insert_all_data_types_ao;
----
12:34:56.789000

query I nosort
SELECT c_year FROM t_insert_all_data_types_ao;
----
2023

query I nosort
SELECT c_year_4 FROM t_insert_all_data_types_ao;
----
2023

query T nosort
SELECT c_char FROM t_insert_all_data_types_ao;
----
A

query T nosort
SELECT c_national_char FROM t_insert_all_data_types_ao;
----
B

query T nosort
SELECT c_char_8 FROM t_insert_all_data_types_ao;
----
ABCDEFGH

query T nosort
SELECT c_char_character_set_utf8 FROM t_insert_all_data_types_ao;
----
I

query T nosort
SELECT c_char_collate_utf8_bin FROM t_insert_all_data_types_ao;
----
Q

query T nosort
SELECT c_national_varchar_8 FROM t_insert_all_data_types_ao;
----
ABCDEFGH

query T nosort
SELECT c_varchar_8 FROM t_insert_all_data_types_ao;
----
JKLMNOPQ

query T nosort
SELECT c_varchar_8_character_set_utf8 FROM t_insert_all_data_types_ao;
----
RSTUVWXY

query T nosort
SELECT c_varchar_8_collate_utf8_bin FROM t_insert_all_data_types_ao;
----
RSTUVWXY

query B nosort
SELECT c_binary FROM t_insert_all_data_types_ao;
----
b

query B nosort
SELECT c_binary_8 FROM t_insert_all_data_types_ao;
----
bin8    

query B nosort
SELECT c_varbinary_8 FROM t_insert_all_data_types_ao;
----
vbin8

query B nosort
SELECT c_tinyblob FROM t_insert_all_data_types_ao;
----
NULL

query B nosort
SELECT c_blob FROM t_insert_all_data_types_ao;
----
NULL

query B nosort
SELECT c_blob_8 FROM t_insert_all_data_types_ao;
----
NULL

query B nosort
SELECT c_mediumblob FROM t_insert_all_data_types_ao;
----
NULL

query B nosort
SELECT c_longblob FROM t_insert_all_data_types_ao;
----
NULL

query T nosort
SELECT c_tinytext FROM t_insert_all_data_types_ao;
----
NULL

query T nosort
SELECT c_tinytext_character_set_utf8 FROM t_insert_all_data_types_ao;
----
NULL

query T nosort
SELECT c_tinytext_collate_utf8_bin FROM t_insert_all_data_types_ao;
----
NULL

query T nosort
SELECT c_text FROM t_insert_all_data_types_ao;
----
NULL

query T nosort
SELECT c_text_8 FROM t_insert_all_data_types_ao;
----
NULL

query T nosort
SELECT c_text_character_set_utf8 FROM t_insert_all_data_types_ao;
----
NULL

query T nosort
SELECT c_text_collate_utf8_bin FROM t_insert_all_data_types_ao;
----
NULL

query T nosort
SELECT c_mediumtext FROM t_insert_all_data_types_ao;
----
NULL

query T nosort
SELECT c_mediumtext_character_set_utf8 FROM t_insert_all_data_types_ao;
----
NULL

query T nosort
SELECT c_mediumtext_collate_utf8_bin FROM t_insert_all_data_types_ao;
----
NULL

query T nosort
SELECT c_longtext FROM t_insert_all_data_types_ao;
----
NULL

query T nosort
SELECT c_longtext_character_set_utf8 FROM t_insert_all_data_types_ao;
----
NULL

query T nosort
SELECT c_longtext_collate_utf8_bin FROM t_insert_all_data_types_ao;
----
NULL

query T nosort
SELECT c_enum FROM t_insert_all_data_types_ao;
----
value1

query T nosort
SELECT c_enum_character_set_utf8 FROM t_insert_all_data_types_ao;
----
value1

query T nosort
SELECT c_enum_collate_utf8_bin FROM t_insert_all_data_types_ao;
----
value2

query T nosort
SELECT c_set FROM t_insert_all_data_types_ao;
----
value1

query T nosort
SELECT c_set_character_set_utf8 FROM t_insert_all_data_types_ao;
----
value1

query T nosort
SELECT c_set_collate_utf8_bin FROM t_insert_all_data_types_ao;
----
value2

query J nosort
SELECT c_json FROM t_insert_all_data_types_ao;
----
NULL

query I nosort
SELECT c_tinyint_1 FROM t_insert_all_data_types_ao WHERE c_tinyint_1 = 1;
----
1

# Test on non-append-only table

statement ok
DROP TABLE IF EXISTS t_insert_all_data_types;

statement ok
CREATE TABLE IF NOT EXISTS t_insert_all_data_types (
  id BIGINT                                                             DEFAULT 0,
  c_bit BIT                                                             DEFAULT 1,
  c_bit_64 BIT(64)                                                      DEFAULT 168134386088498496,
  c_bool BOOL                                                           DEFAULT 0,
  c_boolean BOOLEAN                                                     DEFAULT 1,
  c_tinyint TINYINT                                                     DEFAULT -128,
  c_tinyint_1 TINYINT(1)                                                DEFAULT 1,
  c_tinyint_unsigned TINYINT UNSIGNED                                   DEFAULT 255,
  c_tinyint_zerofill TINYINT ZEROFILL                                   DEFAULT 0123,
  c_smallint SMALLINT                                                   DEFAULT -32768,
  c_smallint_1 SMALLINT(1)                                              DEFAULT 1,
  c_smallint_unsigned SMALLINT UNSIGNED                                 DEFAULT 65535,
  c_smallint_zerofill SMALLINT ZEROFILL                                 DEFAULT 012345,
  c_mediumint MEDIUMINT                                                 DEFAULT -8388608,
  c_mediumint_1 MEDIUMINT(1)                                            DEFAULT 1,
  c_mediumint_unsigned MEDIUMINT UNSIGNED                               DEFAULT 16777215,
  c_mediumint_zerofill MEDIUMINT ZEROFILL                               DEFAULT 01234567,
  c_int INT                                                             DEFAULT -2147483648,
  c_int_1 INT(1)                                                        DEFAULT 1,
  c_int_unsigned INT UNSIGNED                                           DEFAULT 4294967295,
  c_int_zerofill INT ZEROFILL                                           DEFAULT 0123456789,
  c_integer INTEGER                                                     DEFAULT -2147483648,
  c_integer_1 INTEGER(1)                                                DEFAULT 1,
  c_integer_unsigned INTEGER UNSIGNED                                   DEFAULT 4294967295,
  c_integer_zerofill INTEGER ZEROFILL                                   DEFAULT 0123456789,
  c_bigint BIGINT                                                       DEFAULT -9223372036854775806,
  c_bigint_1 BIGINT(1)                                                  DEFAULT 1,
  c_bigint_unsigned BIGINT UNSIGNED                                     DEFAULT 18446744073709551615,
  c_bigint_zerofill BIGINT ZEROFILL                                     DEFAULT 01234567890123456789,
  c_decimal DECIMAL                                                     DEFAULT 123.45,
  c_decimal_5 DECIMAL(5)                                                DEFAULT 123.45,
  c_decimal_5_2 DECIMAL(5, 2)                                           DEFAULT 123.45,
  c_decimal_unsigned DECIMAL UNSIGNED                                   DEFAULT 123.45,
  c_decimal_zerofill DECIMAL ZEROFILL                                   DEFAULT 012345.67,
  c_dec DEC                                                             DEFAULT 123.45,
  c_dec_5 DEC(5)                                                        DEFAULT 12345,
  c_dec_5_2 DEC(5, 2)                                                   DEFAULT 123.45,
  c_dec_unsigned DEC UNSIGNED                                           DEFAULT 123.45,
  c_dec_zerofill DEC ZEROFILL                                           DEFAULT 12345,
  c_numeric NUMERIC                                                     DEFAULT 123.45,
  c_numeric_5 NUMERIC(5)                                                DEFAULT 12345,
  c_numeric_5_2 NUMERIC(5, 2)                                           DEFAULT 123.45,
  c_numeric_unsigned NUMERIC UNSIGNED                                   DEFAULT 123.45,
  c_numeric_zerofill NUMERIC ZEROFILL                                   DEFAULT 12345,
  c_fixed FIXED                                                         DEFAULT 123.45,
  c_fixed_5 FIXED(5)                                                    DEFAULT 12345,
  c_fixed_5_2 FIXED(5, 2)                                               DEFAULT 123.45,
  c_fixed_unsigned FIXED UNSIGNED                                       DEFAULT 123.45,
  c_fixed_zerofill FIXED ZEROFILL                                       DEFAULT 12345,
  c_float FLOAT                                                         DEFAULT 123.45,
  c_float_5 FLOAT(5)                                                    DEFAULT 12345,
  c_float_5_2 FLOAT(5, 2)                                               DEFAULT 123.45,
  c_float_unsigned FLOAT UNSIGNED                                       DEFAULT 123.45,
  c_float_zerofill FLOAT ZEROFILL                                       DEFAULT 12345,
  c_double DOUBLE                                                       DEFAULT 123.45,
  c_double_5_2 DOUBLE(5, 2)                                             DEFAULT 123.45,
  c_double_unsigned DOUBLE UNSIGNED                                     DEFAULT 123.45,
  c_double_zerofill DOUBLE ZEROFILL                                     DEFAULT 123.45,
  c_double_precision DOUBLE PRECISION                                   DEFAULT 123.45,
  c_double_precision_5_2 DOUBLE PRECISION(5, 2)                         DEFAULT 123.45,
  c_double_precision_unsigned DOUBLE PRECISION UNSIGNED                 DEFAULT 123.45,
  c_double_precision_zerofill DOUBLE PRECISION ZEROFILL                 DEFAULT 12345,
  c_real REAL                                                           DEFAULT 123.45,
  c_real_5_2 REAL(5, 2)                                                 DEFAULT 123.45,
  c_real_unsigned REAL UNSIGNED                                         DEFAULT 123.45,
  c_real_zerofill REAL ZEROFILL                                         DEFAULT 123.45,
  c_date DATE                                                           DEFAULT "2023-05-19",
  c_datetime DATETIME                                                   DEFAULT "2023-05-19 12:34:56",
  c_datetime_6 DATETIME(6)                                              DEFAULT "2023-05-19 12:34:56.789",
  c_timestamp TIMESTAMP                                                 DEFAULT "2023-05-19 12:34:56",
  c_timestamp_6 TIMESTAMP(6)                                            DEFAULT "2023-05-19 12:34:56.789",
  c_time TIME                                                           DEFAULT "12:34:56",
  c_time_6 TIME(6)                                                      DEFAULT "12:34:56.789",
  c_year YEAR                                                           DEFAULT 2023,
  c_year_4 YEAR(4)                                                      DEFAULT 2023,
  c_char CHAR                                                           DEFAULT "A",
  c_national_char NATIONAL CHAR                                         DEFAULT "B",
  c_char_8 CHAR(8)                                                      DEFAULT "ABCDEFGH",
  c_char_character_set_utf8 CHAR CHARACTER SET utf8                     DEFAULT "I",
  c_char_collate_utf8_bin CHAR COLLATE utf8_bin                         DEFAULT "Q",
  c_national_varchar_8 NATIONAL VARCHAR(8)                              DEFAULT "ABCDEFGH",
  c_varchar_8 VARCHAR(8)                                                DEFAULT "JKLMNOPQ",
  c_varchar_8_character_set_utf8 VARCHAR(8) CHARACTER SET utf8          DEFAULT "RSTUVWXY",
  c_varchar_8_collate_utf8_bin VARCHAR(8) COLLATE utf8_bin              DEFAULT "RSTUVWXY",
  c_binary BINARY                                                       DEFAULT "b",
  c_binary_8 BINARY(8)                                                  DEFAULT "bin8",
  c_varbinary_8 VARBINARY(8)                                            DEFAULT "vbin8",
  c_tinyblob TINYBLOB                                                   DEFAULT NULL,
  c_blob BLOB                                                           DEFAULT NULL,
  c_blob_8 BLOB(8)                                                      DEFAULT NULL,
  c_mediumblob MEDIUMBLOB                                               DEFAULT NULL,
  c_longblob LONGBLOB                                                   DEFAULT NULL,
  c_tinytext TINYTEXT                                                   DEFAULT NULL,
  c_tinytext_character_set_utf8 TINYTEXT CHARACTER SET utf8             DEFAULT NULL,
  c_tinytext_collate_utf8_bin TINYTEXT COLLATE utf8_bin                 DEFAULT NULL,
  c_text TEXT                                                           DEFAULT NULL,
  c_text_8 TEXT(8)                                                      DEFAULT NULL,
  c_text_character_set_utf8 TEXT CHARACTER SET utf8                     DEFAULT NULL,
  c_text_collate_utf8_bin TEXT COLLATE utf8_bin                         DEFAULT NULL,
  c_mediumtext MEDIUMTEXT                                               DEFAULT NULL,
  c_mediumtext_character_set_utf8 MEDIUMTEXT CHARACTER SET utf8         DEFAULT NULL,
  c_mediumtext_collate_utf8_bin MEDIUMTEXT COLLATE utf8_bin             DEFAULT NULL,
  c_longtext LONGTEXT                                                   DEFAULT NULL,
  c_longtext_character_set_utf8 LONGTEXT CHARACTER SET utf8             DEFAULT NULL,
  c_longtext_collate_utf8_bin LONGTEXT COLLATE utf8_bin                 DEFAULT NULL,
  c_enum ENUM('value1', 'value2')                                       DEFAULT "value1",
  c_enum_character_set_utf8 ENUM('value1', 'value2') CHARACTER SET utf8 DEFAULT "value1",
  c_enum_collate_utf8_bin ENUM('value1', 'value2') COLLATE utf8_bin     DEFAULT "value2",
  c_set SET('value1', 'value2')                                         DEFAULT "value1",
  c_set_character_set_utf8 SET('value1', 'value2') CHARACTER SET utf8   DEFAULT "value1",
  c_set_collate_utf8_bin SET('value1', 'value2') COLLATE utf8_bin       DEFAULT "value2",
  c_json JSON                                                           DEFAULT NULL
);

# insert data without fast path
statement ok
INSERT INTO t_insert_all_data_types (id) VALUES (1);

query T nosort
SELECT c_bit FROM t_insert_all_data_types;
----


query T nosort
SELECT c_bit_64 FROM t_insert_all_data_types;
----
UUUUUU@

query I nosort
SELECT c_bool FROM t_insert_all_data_types;
----
0

query I nosort
SELECT c_boolean FROM t_insert_all_data_types;
----
1

query I nosort
SELECT c_tinyint FROM t_insert_all_data_types;
----
-128

query I nosort
SELECT c_tinyint_1 FROM t_insert_all_data_types;
----
1

query I nosort
SELECT c_tinyint_unsigned FROM t_insert_all_data_types;
----
255

query I nosort
SELECT c_tinyint_zerofill FROM t_insert_all_data_types;
----
123

query I nosort
SELECT c_smallint FROM t_insert_all_data_types;
----
-32768

query I nosort
SELECT c_smallint_1 FROM t_insert_all_data_types;
----
1

query I nosort
SELECT c_smallint_unsigned FROM t_insert_all_data_types;
----
65535

query I nosort
SELECT c_smallint_zerofill FROM t_insert_all_data_types;
----
12345

query I nosort
SELECT c_mediumint FROM t_insert_all_data_types;
----
-8388608

query I nosort
SELECT c_mediumint_1 FROM t_insert_all_data_types;
----
1

query I nosort
SELECT c_mediumint_unsigned FROM t_insert_all_data_types;
----
16777215

query I nosort
SELECT c_mediumint_zerofill FROM t_insert_all_data_types;
----
1234567

query I nosort
SELECT c_int FROM t_insert_all_data_types;
----
-2147483648

query I nosort
SELECT c_int_1 FROM t_insert_all_data_types;
----
1

query I nosort
SELECT c_int_unsigned FROM t_insert_all_data_types;
----
4294967295

query I nosort
SELECT c_int_zerofill FROM t_insert_all_data_types;
----
123456789

query I nosort
SELECT c_integer FROM t_insert_all_data_types;
----
-2147483648

query I nosort
SELECT c_integer_1 FROM t_insert_all_data_types;
----
1

query I nosort
SELECT c_integer_unsigned FROM t_insert_all_data_types;
----
4294967295

query I nosort
SELECT c_integer_zerofill FROM t_insert_all_data_types;
----
123456789

query I nosort
SELECT c_bigint FROM t_insert_all_data_types;
----
-9223372036854775806

query I nosort
SELECT c_bigint_1 FROM t_insert_all_data_types;
----
1

query I nosort
SELECT c_bigint_unsigned FROM t_insert_all_data_types;
----
18446744073709551615

query I nosort
SELECT c_bigint_zerofill FROM t_insert_all_data_types;
----
1234567890123456789

query R nosort
SELECT c_decimal FROM t_insert_all_data_types;
----
123

query R nosort
SELECT c_decimal_5 FROM t_insert_all_data_types;
----
123

query R nosort
SELECT c_decimal_5_2 FROM t_insert_all_data_types;
----
123.45

query R nosort
SELECT c_decimal_unsigned FROM t_insert_all_data_types;
----
123

skipif mysql
query R nosort
SELECT c_decimal_zerofill FROM t_insert_all_data_types;
----
0000012345

query R nosort
SELECT c_dec FROM t_insert_all_data_types;
----
123

query R nosort
SELECT c_dec_5 FROM t_insert_all_data_types;
----
12345

query R nosort
SELECT c_dec_5_2 FROM t_insert_all_data_types;
----
123.45

query R nosort
SELECT c_dec_unsigned FROM t_insert_all_data_types;
----
123

skipif mysql
query R nosort
SELECT c_dec_zerofill FROM t_insert_all_data_types;
----
0000012345

query R nosort
SELECT c_numeric FROM t_insert_all_data_types;
----
123

query R nosort
SELECT c_numeric_5 FROM t_insert_all_data_types;
----
12345

query R nosort
SELECT c_numeric_5_2 FROM t_insert_all_data_types;
----
123.45

query R nosort
SELECT c_numeric_unsigned FROM t_insert_all_data_types;
----
123

skipif mysql
query R nosort
SELECT c_numeric_zerofill FROM t_insert_all_data_types;
----
0000012345

query R nosort
SELECT c_fixed FROM t_insert_all_data_types;
----
123

query R nosort
SELECT c_fixed_5 FROM t_insert_all_data_types;
----
12345

query R nosort
SELECT c_fixed_5_2 FROM t_insert_all_data_types;
----
123.45

query R nosort
SELECT c_fixed_unsigned FROM t_insert_all_data_types;
----
123

skipif mysql
query R nosort
SELECT c_fixed_zerofill FROM t_insert_all_data_types;
----
0000012345

query R nosort
SELECT c_float FROM t_insert_all_data_types;
----
123.45

query R nosort
SELECT c_float_5 FROM t_insert_all_data_types;
----
12345

query R nosort
SELECT c_float_5_2 FROM t_insert_all_data_types;
----
123.45

query R nosort
SELECT c_float_unsigned FROM t_insert_all_data_types;
----
123.45

query R nosort
SELECT c_float_zerofill FROM t_insert_all_data_types;
----
12345

query R nosort
SELECT c_double FROM t_insert_all_data_types;
----
123.45

query R nosort
SELECT c_double_5_2 FROM t_insert_all_data_types;
----
123.45

query R nosort
SELECT c_double_unsigned FROM t_insert_all_data_types;
----
123.45

query R nosort
SELECT c_double_zerofill FROM t_insert_all_data_types;
----
123.45

query R nosort
SELECT c_double_precision FROM t_insert_all_data_types;
----
123.45

query R nosort
SELECT c_double_precision_5_2 FROM t_insert_all_data_types;
----
123.45

query R nosort
SELECT c_double_precision_unsigned FROM t_insert_all_data_types;
----
123.45

query R nosort
SELECT c_double_precision_zerofill FROM t_insert_all_data_types;
----
12345

query R nosort
SELECT c_real FROM t_insert_all_data_types;
----
123.45

query R nosort
SELECT c_real_5_2 FROM t_insert_all_data_types;
----
123.45

query R nosort
SELECT c_real_unsigned FROM t_insert_all_data_types;
----
123.45

query R nosort
SELECT c_real_zerofill FROM t_insert_all_data_types;
----
123.45

query D nosort
SELECT c_date FROM t_insert_all_data_types;
----
2023-05-19

query D nosort
SELECT c_datetime FROM t_insert_all_data_types;
----
2023-05-19 12:34:56

query D nosort
SELECT c_datetime_6 FROM t_insert_all_data_types;
----
2023-05-19 12:34:56.789000

query D nosort
SELECT c_timestamp FROM t_insert_all_data_types;
----
2023-05-19 12:34:56

query D nosort
SELECT c_timestamp_6 FROM t_insert_all_data_types;
----
2023-05-19 12:34:56.789000

query D nosort
SELECT c_time FROM t_insert_all_data_types;
----
12:34:56

query D nosort
SELECT c_time_6 FROM t_insert_all_data_types;
----
12:34:56.789000

query I nosort
SELECT c_year FROM t_insert_all_data_types;
----
2023

query I nosort
SELECT c_year_4 FROM t_insert_all_data_types;
----
2023

query T nosort
SELECT c_char FROM t_insert_all_data_types;
----
A

query T nosort
SELECT c_national_char FROM t_insert_all_data_types;
----
B

query T nosort
SELECT c_char_8 FROM t_insert_all_data_types;
----
ABCDEFGH

query T nosort
SELECT c_char_character_set_utf8 FROM t_insert_all_data_types;
----
I

query T nosort
SELECT c_char_collate_utf8_bin FROM t_insert_all_data_types;
----
Q

query T nosort
SELECT c_national_varchar_8 FROM t_insert_all_data_types;
----
ABCDEFGH

query T nosort
SELECT c_varchar_8 FROM t_insert_all_data_types;
----
JKLMNOPQ

query T nosort
SELECT c_varchar_8_character_set_utf8 FROM t_insert_all_data_types;
----
RSTUVWXY

query T nosort
SELECT c_varchar_8_collate_utf8_bin FROM t_insert_all_data_types;
----
RSTUVWXY

query B nosort
SELECT c_binary FROM t_insert_all_data_types;
----
b

query B nosort
SELECT c_binary_8 FROM t_insert_all_data_types;
----
bin8    

query B nosort
SELECT c_varbinary_8 FROM t_insert_all_data_types;
----
vbin8

query B nosort
SELECT c_tinyblob FROM t_insert_all_data_types;
----
NULL

query B nosort
SELECT c_blob FROM t_insert_all_data_types;
----
NULL

query B nosort
SELECT c_blob_8 FROM t_insert_all_data_types;
----
NULL

query B nosort
SELECT c_mediumblob FROM t_insert_all_data_types;
----
NULL

query B nosort
SELECT c_longblob FROM t_insert_all_data_types;
----
NULL

query T nosort
SELECT c_tinytext FROM t_insert_all_data_types;
----
NULL

query T nosort
SELECT c_tinytext_character_set_utf8 FROM t_insert_all_data_types;
----
NULL

query T nosort
SELECT c_tinytext_collate_utf8_bin FROM t_insert_all_data_types;
----
NULL

query T nosort
SELECT c_text FROM t_insert_all_data_types;
----
NULL

query T nosort
SELECT c_text_8 FROM t_insert_all_data_types;
----
NULL

query T nosort
SELECT c_text_character_set_utf8 FROM t_insert_all_data_types;
----
NULL

query T nosort
SELECT c_text_collate_utf8_bin FROM t_insert_all_data_types;
----
NULL

query T nosort
SELECT c_mediumtext FROM t_insert_all_data_types;
----
NULL

query T nosort
SELECT c_mediumtext_character_set_utf8 FROM t_insert_all_data_types;
----
NULL

query T nosort
SELECT c_mediumtext_collate_utf8_bin FROM t_insert_all_data_types;
----
NULL

query T nosort
SELECT c_longtext FROM t_insert_all_data_types;
----
NULL

query T nosort
SELECT c_longtext_character_set_utf8 FROM t_insert_all_data_types;
----
NULL

query T nosort
SELECT c_longtext_collate_utf8_bin FROM t_insert_all_data_types;
----
NULL

query T nosort
SELECT c_enum FROM t_insert_all_data_types;
----
value1

query T nosort
SELECT c_enum_character_set_utf8 FROM t_insert_all_data_types;
----
value1

query T nosort
SELECT c_enum_collate_utf8_bin FROM t_insert_all_data_types;
----
value2

query T nosort
SELECT c_set FROM t_insert_all_data_types;
----
value1

query T nosort
SELECT c_set_character_set_utf8 FROM t_insert_all_data_types;
----
value1

query T nosort
SELECT c_set_collate_utf8_bin FROM t_insert_all_data_types;
----
value2

query J nosort
SELECT c_json FROM t_insert_all_data_types;
----
NULL

query I nosort
SELECT c_tinyint_1 FROM t_insert_all_data_types WHERE c_tinyint_1 = 1;
----
1

# Testing APPEND ONLY table
statement ok
CREATE TABLE IF NOT EXISTS t_default_ao (seq BIGINT PRIMARY KEY, id BIGINT default 12345, name VARCHAR(255) default 'XYZ', price FLOAT default 9.87, create_time TIMESTAMP default '2023-11-11 11:11:11') APPEND_ONLY = TRUE;

statement ok
TRUNCATE t_default_ao;

statement ok
INSERT INTO t_default_ao (seq, id) VALUES (1, 999);

statement ok
INSERT INTO t_default_ao (seq, name) VALUES (2, 'abc');

statement ok
INSERT INTO t_default_ao (seq, price) VALUES (3, 0.09);

statement ok
INSERT INTO t_default_ao (seq, create_time) VALUES (4, '2023-03-03 23:23:23');

statement ok
INSERT INTO t_default_ao (seq, id, price) VALUES (5, 101, 1.01);

statement ok
INSERT INTO t_default_ao (seq, price, id) VALUES (6, 2.02, 202);

query IITRD nosort
SELECT * FROM t_default_ao ORDER BY seq;
----
1	999	XYZ	9.87	2023-11-11 11:11:11
2	12345	abc	9.87	2023-11-11 11:11:11
3	12345	XYZ	0.09	2023-11-11 11:11:11
4	12345	XYZ	9.87	2023-03-03 23:23:23
5	101	XYZ	1.01	2023-11-11 11:11:11
6	202	XYZ	2.02	2023-11-11 11:11:11

# Testing non APPEND ONLY table
statement ok
DROP TABLE IF EXISTS t_default;

statement ok
CREATE TABLE IF NOT EXISTS t_default (seq BIGINT PRIMARY KEY, id BIGINT default 12345, name VARCHAR(255) default 'XYZ', price FLOAT default 9.87, create_time TIMESTAMP default '2023-11-11 11:11:11');

statement ok
TRUNCATE t_default;

statement ok
INSERT INTO t_default (seq, id) VALUES (1, 999);

statement ok
INSERT INTO t_default (seq, name) VALUES (2, 'abc');

statement ok
INSERT INTO t_default (seq, price) VALUES (3, 0.09);

statement ok
INSERT INTO t_default (seq, create_time) VALUES (4, '2023-03-03 23:23:23');

statement ok
INSERT INTO t_default (seq, id, price) VALUES (5, 101, 1.01);

statement ok
INSERT INTO t_default (seq, price, id) VALUES (6, 2.02, 202);

query IITRD nosort
SELECT * FROM t_default ORDER BY seq;
----
1	999	XYZ	9.87	2023-11-11 11:11:11
2	12345	abc	9.87	2023-11-11 11:11:11
3	12345	XYZ	0.09	2023-11-11 11:11:11
4	12345	XYZ	9.87	2023-03-03 23:23:23
5	101	XYZ	1.01	2023-11-11 11:11:11
6	202	XYZ	2.02	2023-11-11 11:11:11

statement ok
DROP DATABASE IF EXISTS test_insert_default_nonnull;
