statement ok
DROP DATABASE IF EXISTS default_value;

statement ok
CREATE DATABASE IF NOT EXISTS default_value;

statement ok
USE default_value;

statement ok
DROP TABLE IF EXISTS t;

statement ok
create table t (
    a bigint not null,
    b bigint not null default 0,
    c bigint not null default 0,
    d bigint not null default 0,
    e bigint not null default 0,
    f bigint not null default 0,
    g bigint not null default 0,
    h bigint not null default 0,
    i bigint not null default 0,
    j bigint not null default 0,
    primary key (a,b,c,d,e,f,g,h,i,j)
);

statement ok
insert into t (a) values (2),(4),(6),(8),(10),(12),(14),(16),(18),(20),(22),(24),(26),(23);

query IIIIIIIIII rowsort
select * from t where a < 5;
----
2	0	0	0	0	0	0	0	0	0
4	0	0	0	0	0	0	0	0	0

statement ok
create table foo(a int);

statement ok
insert into foo (a) values(1);

statement ok
alter table foo add column b int not null default 42;

query II nosort
select * from foo;
----
1	42

statement ok
DROP DATABASE IF EXISTS default_value;